product,price
[한정기획][미스트펌프 증정] 라네즈 크림스킨 170ml 기획 (+130ml 리필+미스트펌프),"26,400원"
[단독기획] 토리든 다이브인 저분자 히알루론산 토너 300ml 기획(+100ml 추가 증정),"15,700원"
[스누피키링증정] 아누아 어성초 77 깐달걀 토너 500ml 스누피 한정 기획세트,"30,000원"
[피지쓱싹] 브링그린 티트리시카수딩토너 500mL 기획/단품,"19,800원"
[모공개선/탄력광채] 넘버즈인 3번 결광가득 에센스 토너 300ml 대용량 기획,"22,400원"
[단독기획] 토리든 다이브인 저분자 히알루론산 토너 500ml 기획 (+화장솜 60매 증정),"21,750원"
[1등토너] 라운드랩 1025 독도 토너 500ml 대용량 기획 (+100ml 증정),"27,000원"
[수분생기] 라운드랩 자작나무 수분 토너 1+1 기획 (300ml+300ml),"23,800원"
[속보습] 더랩바이블랑두 올리고 히알루론산 딥 토너 500ml 대용량 기획 (+100ml),"28,900원"
[맑눈광PICK/단독기획] 웰라쥬 리얼 히알루로닉 100 토너 300ml 기획 (+화장솜 60매),"19,600원"
[쿨링진정]넘버즈인 1번 진정 맑게담은 청초토너 300ml 리필기획(+300ml 증정),"26,000원"
브링그린 티트리시카토너 &크림기획,"20,800원"
[대용량] 마녀공장 비피다 바이옴 앰플 토너 400ml+100ml 기획,"17,500원"
[권아름 PICK] 헤이네이처 어성초 스킨 토너 150ml 기획(+카밍 토너패드 5매),"25,000원"
[화해1위/디렉터파이TOP] 에스네이처 아쿠아 오아시스 토너 300ml 기획 (+젤크림 30ml),"18,900원"
에스트라 에이시카365 수분진정결토너 250ml,"25,500원"
리얼베리어 익스트림 에센스 토너 300ml 기획 (+익스트림 크림 25ml),"17,500원"
마녀공장 갈락토미 클리어스킨 투명광채 토너 210ml,"16,900원"
[증량] 닥터지 레드 블레미쉬 클리어 수딩 토너 500ml,"29,900원"
라로슈포제 시카플라스트 로션 B5 판테놀 시카에센스 토너 200ml,"36,000원"
[1등토너] 라운드랩 1025 독도 토너 200ml 기획 (+50ml 증정),"15,000원"
[단독기획] 토니모리 원더 세라마이드 모찌 토너 (본품500ml+100ml),"12,000원"
[흔적미백] 넘버즈인 5번 글루타치온씨 비타수액 에센셜 토너 200ml 리필 기획(+200ml 리필),"25,200원"
[속보습] 더랩바이블랑두 저분자 히알루론산 딥 토너 200ml + 50ml 기획,"15,990원"
